№ п/п;Реестровый №;Наименование юридического лица, которому имущество области передано в пользование;Почтовый адрес;Балансовая стоимость основных средств, тыс. руб.; Остаточная стоимость основных средств, тыс. руб.;Незавершенное строительство (размер затрат), тыс.руб;Материальные запасы, тыс.руб.;
1;120;Управление образования Вологодского муниципального района;160035 г.Вологда, ул.Пушкинская, 24;68.806250000000006;0;;;
2;121;Управление образования Череповецкого муниципального района;162612 г.Череповец, ул.Первомайская, 58;61.599599999999995;0;;;
3;122;Управление образования Сокольского муниципального района;162130 г.Сокол, ул.Советская, 73;5.8230500000000003;0;;;
4;123;Управление образования Верховажского муниципального района;162300 с.Верховажье, ул.Октябрьская, 8;0.93507000000000007;0;;;
5;124;Управление образования Кичменгско-Городецкого муниципального района;161400 с.Кичменгский Городок, ул.Центральная, 5;71.277820000000006;0;;;
6;125;Бюджетное образовательное учреждение Кичменгско-Городецкого муниципального района "Специальная (коррекционная) общеобразовательная школа-интернат VIII вида";161400 с.Кичменгский Городок, ул.Комсомольская, 10;10997.2575;7214.0893799999994;;;
7;126;Управление социальной защиты населения Белозерского муниципального района;161200 г.Белозерск, Советский пр-кт, 63;918.14143000000001;616.78647000000001;;;
8;127;Управление образования Белозерского муниципального района;161200 г.Белозерск, ул.Фрунзе, 19;19.607560000000003;0;;;
9;128;Управление образования администрации Бабаевского муниципального района;162480 г.Бабаево, пл.Революции, 6-а;3.1989999999999998;0;;;
10;129;Бюджетное учреждение социального обслуживания Кадуйского муниципального района "Социальная гостиница";162511 п.Кадуй, ул.Октябрьская, 23-а;2557.2170000000001;1333.7331499999998;;;
11;131;Бюджетное учреждение социального обслуживания "Социальный приют для детей "Гармония";162341 г.Великий Устюг, г.Красавино, ул.Кооперативная, 16;8868.0409999999993;7794.8146100000004;;;
12;133;Муниципальное бюджетное учреждение "Дом-интернат для престарелых и инвалидов";162804 Устюженский р-н, д.Ярцево, 4;303.34199999999998;167.32676000000001;;;
13;134;бюджетное образовательное учреждение Шекснинского муниципального района "Специальная (коррекционная) общеобразовательная школа-интернат VIII вида";162560 п.Шексна, ул.Гагарина, 13;3501.7939999999999;1908.7700500000001;;;
14;135;Управление образования Сямженского муниципального района;162220 с.Сямжа, ул.Румянцева, 20;5.3065200000000008;0;;;
15;136;Муниципальное бюджетное образовательное учреждение Череповецкого муниципального района "Петриневская специальная (коррекционная) школа-интернат VIII вида";162650 Череповецкий р-н, с.Воскресенское, ул.Рабочая, 4;34747.101200000005;18097.752199999999;;;
16;137;Муниципальное бюджетноеспециальное (коррекционное) образовательное учреждение для обучающихся, воспитанников с ограниченными возможностями здоровья "Специальная (коррекционная) начальная школа - детский сад IV вида №58";162610 г.Череповец, ул.Ленина, 147;1925.30601;151.78064000000001;;;
17;139;Управление социальной защиты населения администрации Чагодощенского муниципального района;162400 п.Чагода, ул.Стекольщиков, 3;600.97175000000004;313.59744000000001;;;
18;140;Муниципальное бюджетное специальное (коррекционное) образовательное учреждение для обучающихся, воспитанников с ограниченными возможностями здоровья "Специальная (коррекционная) общеобразовательная школа VIII вида №38";162601 г.Череповец, ул.К.Белова, 9;2607.4611500000001;1027.4082900000001;;;
19;141;Муниципальное образовательное учреждение "Специальная (коррекционная) общеобразовательная школа-интернат VIII вида";162390 г.Великий Устюг, ул.Виноградова, 17;15457.86111;289.13177000000002;;;
20;142;Управление образования Нюксенского муниципального района;161380 с.Нюксеница, ул.Советская, 13;4.9550400000000003;0;;;
21;143;Муниципальное бюджетное специальное (коррекционное) образовательное учреждение для обучающихся, воспитанников с ограниченными возможностями здоровья "Специальная (коррекционная) общеобразовательная школа VIII вида №35";162600 г.Череповец, ул.Верещагина, 5;23487.151760000001;10059.74908;;;
22;144;Управление образования Вытегорского муниципального района;162900 г.Вытегра, пр-кт Ленина, 68;53.39123;0;;;
23;145;Муниципальное бюджетное дошкольное образовательное учреждение "Детский сад для детей раннего возраста №2";162611 г.Череповец, пр.Строителей, 23;9.7185199999999998;0;;;
24;146;Муниципальное бюджетное дошкольное образовательное учреждение "Детский сад общеразвивающегося вида №76";162601 г.Череповец, ул.К.Белова, 5;2.2478400000000001;0;;;
25;147;Муниципальное бюджетное дошкольное образовательное учреждение "Детский сад общеразвивающего вида №88";162600 г.Череповец, пр.Строителей, 12;15.96;0;;;
26;148;Муниципальное дошкольное образовательное учреждение "Детский сад общеразвивающего вида №108";162602 г.Череповец, ул.Ленина, 54-а;110.81638000000001;0;;;
27;149;Муниципальное учреждение "Централизованная бухгалтерия по обслуживанию учреждений образования";162606 г.Череповец, ул.Металлургов, 3-а;232.05032999999997;0;;;
28;150;Муниципальное образовательное учреждение "Средняя общеобразовательная школа №14";162609 г.Череповец, ул.Городецкая, 20;10.516870000000001;0;;;
29;151;Муниципальное учреждение "Специальный жилой дом для одиноких престарелых граждан";162510 п.Кадуй, ул.Энтузиастов, 44;48.19258;0;;;
30;154;Управление образования Кадуйского муниципального района;162500 п.Кадуй, ул.Мира, 38;8.0619999999999994;0;;;
31;160;Комитет социальной защиты населения Кадуйского муниципального района;162511 п.Кадуй, ул.Октябрьская, 23-а;1484.34743;938.27224000000001;;;
32;163;Муниципальное бюджетное учреждение социального обслуживания населения Тотемского района "Специальный дом для одиноких престарелых";161300 г.Тотьма, ул.Загородная, 68;25.634119999999999;0;;;
33;164;Муниципальное бюджетное учреждение "Специальный дом для одиноких престарелых";162609 г.Череповец, ул.Городецкая, 14;145.72110999999998;0;;;
34;166;Управление образования мэрии города Череповца;162605 г.Череповец, пр-кт Победы, 91;273.32767999999999;0;;;
35;167;Муниципальное учреждение "Специальный дом для одиноких престарелых" Харовского муниципального района Вологодской области;162250 г.Харовск, ул.Энергетиков, 17;247.21748000000002;130.61850000000001;;;
36;168;Бюджетное образовательное учреждение "Нюксенская специальная (коррекционная) общеобразовательная школа-интернат VIII вида";161380 с.Нюксеница, ул.Советская, 9;2364.6067799999996;601.38761999999997;;;
37;172;Муниципальное образовательное учреждение "Белозерская специальная (коррекционная) общеобразовательная школа-интернат VIII вида";161200 г.Белозерск, ул.Коммунистическая, 62;6986.2841799999997;209.04919000000001;;;
38;177;Муниципальное учреждение Междуреченского муниципального района "Специальный дом для одиноких престарелых";161050 Междуреченский р-н, с.Шуйское, ул.Октябрьская, 47;131.273;21.543500000000002;;;
39;180;Бюджетное Учреждение социального обслуживания Кичменгско-Городецкого муниципального района "Дом-интернат для престарелых и инвалидов";161400 с.Кичменгский Городок, ул.Лесная, 42;3664.24919;1613.34169;;;
40;181;Муниципальное бюджетное специальное (коррекционное) образовательное учреждение для обучающихся, воспитанников с ограниченными возможностями здоровья "Харовская специальная (коррекционная) общеобразовательная школа-интернат;162250 Харовский р-н, с.Лещеево, 13;16298.38391;6853.2117900000003;;;
41;182;Бюджетное учреждение Кадуйского муниципального района "Централизованная бухгалтерия системы социальной защиты населения";162511 п.Кадуй, ул.Октябрьская, 23-а;445.67367999999999;196.96270000000001;;;
42;186;Муниципальное образовательное учреждение дополнительного образования детей "Детско-юношеский центр "Лидер";160029 г.Вологда, ул.Пугачева, 57-а;217.465;35.455940000000005;;;
43;188;Муниципальное дошкольное образовательное учреждение "Детский сад общеразвивающего вида №66 "Петушок";160019 г.Вологда, ул.Чернышевского, 112-в;18.426269999999999;0;;;
44;189;Муниципальное автономное учреждение "Управление городского хозяйства города Вологды";160004 г.Вологда, ул.Пролетарская, 61-а;996.74759999999992;397.38943999999998;;;
45;191;Муниципальное дошкольное образовательное учреждение "Центр развития ребенка - детский сад №99 "Почемучка";160022 г.Вологда, ул.Ярославская, 22-а;10.516870000000001;0;;;
46;192;Муниципальное дошкольное образовательное учреждение "Детский сад общеразвивающего вида №78 "Мастерок";160025 г.Вологда, ул.Беляева, 1-б;8.0962499999999995;0;;;
47;193;Муниципальное образовательное учреждение "Средняя общеобразовательная школа №20";160000 г.Вологда, пр.Победы, 50;33.805769999999995;0;;;
48;194;Муниципальное дошкольное образовательное учреждение "Детский сад комбинированного вида№3 "Воробушек";160034 г.Вологда, ул.Ленинградская, 93-б;6.4630299999999998;0;;;
49;195;Муниципальное образовательное учреждение "Средняя общеобразовательная школа №37";160032 г.Вологда, ул.Архангельская, 11-б;4.8323499999999999;0;;;
50;197;Муниципальное дошкольное образовательное учреждение "Центр развития ребенка - детский сад №108 "Гнездышко";160022 г.Вологда, ул.Ярославская, 38-б;8.0962499999999995;0;;;
51;198;Муниципальное дошкольное образовательное учреждение "Детский сад общеразвивающего вида №74 "Белочка";160028 г.Вологда, 1 МКР ПЗ-23, 38;13.5474;0;;;
52;199;Муниципальное образовательное учреждение "Средняя общеобразовательная школа №36";160032 г.Вологда, ул.Пригородная, 14;12.227829999999999;0;;;
53;200;Муниципальное дошкольное образовательное учреждение "Детский сад комбинированного вида № 88 " Искорка";160009 г.Вологда, ул. Галкинская, 95-а;3.19659;0;;;
54;201;Муниципальное образовательное учреждение "Средняя общеобразовательная школа №18";160033 г.Вологда, ул.Петрозаводская, 24-а;72.453469999999996;0;;;
55;202;Муниципальное образовательное учреждение "Средняя общеобразовательная школа №19";160501 г.Вологда, ул.Пионерская, 20;12.712549999999998;0;;;
56;204;Муниципальное образовательное учреждение "Специальная (коррекционная) общеобразовательная школа №1";160011 г.Вологда, ул.Пирогова, 43;3.0181300000000002;0;;;
57;205;Муниципальное образовательное учреждение "Средняя общеобразовательная школа №4";160012 г.Вологда, Советский пр-кт, 120;8.9712800000000001;0;;;
58;206;Муниципальное общеобразовательное учреждение "Средняя общеобразовательная школа №7";160025 г.Вологда, ул.Беляева, 13;17.408549999999998;0;;;
59;207;Муниципальное образовательное учреждение "Средняя общеобразовательная школа №9";160019 г.Вологда, ул.Чернышевского, 114;21.225240000000003;0;;;
60;208;Муниципальное дошкольное образовательное учреждение "Детский сад общеразвивающего вида №25 "Улыбка";160019 г.Вологда, ул.Некрасова, 34-а;11.99282;0;;;
61;209;Муниципальное образовательное учреждение "Средняя общеобразовательная школа №21";160033 г.Вологда, ул.Петрозаводская, 20;7.21854;0;;;
62;213;Муниципальное образовательное учреждение "Вожегодская средняя общеобразовательная школа №1";162160 п.Вожега, ул.Советская, 23;258.78888000000001;131.26449;;;
63;216;Администрация муниципального образования "город Тотьма";161300 г.Тотьма, ул.Белоусовская, 34;763.25300000000004;0;;;
64;218;Муниципальное дошкольное образовательное учреждение "Детский сад общеразвивающего вида № 20 "Одуванчик";160025 г.Вологда, ул.Можайского, 72-а;6.59178;0;;;
65;219;Муниципальное дошкольное образовательное учреждение "Детский сад общеразвивающего вида № 81";162614 г.Череповец, ул.Вологодская, 42;27.93873;0;;;
66;220;Муниципальное дошкольное учреждение "Центр развития ребенка - детский сад № 127";162622 г.Череопвец, ул.Ленина, 7;189.94991000000002;0;;;
67;222;Администрация Бабушкинского сельсвого поселения;161350, Бабушкинский р-н, с. им.Бабушкина, ул.Бабушкина, д.61;60.220999999999997;0;;;
68;246;Муниципальное бюджетное образовательное учреждение для детей-сирот и детей, оставшихся без попечения родителей (законных представителей) "Детский дом № 9";162618 г.Череповец, ул.Юбилейная, 26;270.46699999999998;26.72437;;;
69;247;Муниципальное образовательное учреждение "Андогская средняя общеобразовательная школа";162520 Кадуйский р-н, с.Никольское, ул.Центральная, 14;5.9677299999999995;0;;;
70;248;Муниципальное образовательное учреждение для детей дошкольного и младшего дошкольного возраста "Фанерозаводская начальная школа - детский сад";162535 Кадуйский р-н, п.Фанерный завод, ул.Школьная, 42;41.337499999999999;0;;;
71;249;Муниципальное образовательное учтреждение "Средняя общеобразовательная школа № 9";160019 г.Вологда, ул.Чернышевского, 114;16.611599999999999;0;;;
72;251;Муниципальное бюджетное учреждение культуры "Тотемская централизованная библиотечная система";161300 г.Тотьма, ул.Володарского, 16;8267.4278400000003;4573.8313699999999;;;
73;253;Негосударственное образовательное учреждение дополнительного образования "Учебный центр "Профессионал";160032 г.Вологда, ул.Архангельская, 15, кв.51;14873.91655;10352.275170000001;;;
74;254;Муниципальное образовательное учреждение "Специальная (коррекционная) общеобразовательная школа №1";160011 г.Вологда, ул.Пирогова, 43;3.0181300000000002;0;;;
75;255;Федеральное казенное учреждение "Центр хозяйственного и сервисного обеспечения Управления Министерства внутренних дел Российской Федерации по Вологодской области";160000, г.Вологда, Говоровский проезд, 27;35999.999799999998;35999.999799999998;;;
76;256;Муниципальное образовательное учреждение "Кадуйская средняя общеобразовательная школа №3";п.Кадуй;4.7537299999999991;0;;;
77;257;Муниципальное бюджетное учреждение "Физкультурно-оздоровительный комплекс "Юбилейный";162137 Тотемский р-н, п.Юбилейный, ул.Звездная, 11;209984.80219999998;209984.80219999998;;;
78;258;Бюджетное учреждение Нюксенского муниципального района "Физкультурно-оздоровительный комплекс "Газовик";161380 Нюксенский р-н, с.Нюксеница, ул.Советская, 13;0;0;;;
79;360;Государственное учреждение "Центр сервисного обслуживания спецтехники и средств связи Управления внутренних дел по Вологодской области";160035 г.Вологда, ул.Предтеченская, 58-г;390.23770999999999;52.517660000000006;;;
80;453;Федеральное казенное образовательное учреждение высшего профессионального образования "Вологодский институт права и экономики Федеральной службы исполнения наказаний ";160002 г.Вологда, ул.Щетинина, 2;1736.2488600000001;12.193379999999999;;;
81;501;Центр Государственной инспекции по маломерным судам Министерства Российской Федерации по делам гражданской обороны, чрезвычайным ситуациям и ликвидации последствий стихийных бедствий по Вологодской области;160035 г.Вологда, ул.Зосимовская, 63-а;687.49575000000004;301.94301000000002;;;
82;505;Местная православная религиозная организация  Приход храма Воскресения Христова с.Молочное г.Вологды Русской Православной Церкви (Московский Патриарх);160555 г.Вологда, п.Молочное, ул.Советская, 9;17.181699999999999;9.7191200000000002;;;
83;506;Четырнадцатый арбитражный апелляционный суд;160001 г.Вологда, ул.Батюшкова, 12;702.24099999999999;206.99113;;;
84;509;Федеральное государственное учреждение здравоохранения "Центр гигиены и эпидемиологического надзора в Вологодской области";160012 г. Вологда, ул.Яшина, 1-а;16891.853360000001;6990.34591;;;
85;769;Православная религиозная организация Спасо-Прилуцкий Димитриев мужской епархиальный монастырь г.Вологды Русской Православной Церкви (Московский Патриархат);160901 г.Вологда, ул.Монастырская, 2;545.77175999999997;390.74248999999998;;;
86;919;Бюджетное учреждение социального обслуживания "Дом-интернат для престарелых и инвалидов";162345 Великоустюгский р-н, п.Кузино, ул.Лермонтова, 35;1051.5785000000001;0;;;
87;952;Муниципальное бюджетное дошкольное образовательное учреждение "Детский сад общеразвивающегося вида № 100";162600 г.Череповец, ул.Леднева, 11;10483.677119999998;5440.4300300000004;;;
88;964;Общество с ограниченной ответственностью "СтройИнвест";160009 г.Вологда, ул.Чехова, 16-2;0;0;28979.411760000006;;
89;975;Управление Федеральной службы по надзору в сфере защиты прав потребителей и благополучия человека по Вологодской области;160012 г.Вологда, ул.Яшина, 1-а;480.07337000000001;247.51742000000002;;;
90;1147;Муниципальное бюджетное учреждение "Комплексный центр социального обслуживания населения "ЛАД" Череповецкого муниципального района;162618 г.Череповец, пр-кт Победы, 185;1680.11124;399.62146999999999;;;
91;1148;Управление социальной защиты населения администрации Череповецкого муниципального района;162605 г.Череповец, ул.Первомайская, 58;1378.4626699999999;789.52863000000002;;;
92;1149;Управление социальной защиты населения Вашкинского муниципального района;161250 Вашкинский р-н, с.Липин Бор, ул.Смирнова, 10;1024.40398;479.07443000000001;;;
93;1150;Бюджетное учреждение социального обслуживания Вашкинского муниципального района Вологодской области "Дом милосердия для престарелых и инвалидов";161250 Вашкинский р-н, д.Васильевская, ул.Центральная, 9;9329.4955800000007;7690.7894000000006;;;
94;1151;Бюджетное учреждение социального обслуживания Вашкинского муниципального района Вологодской области "Центр социальной помощи семье и детям";161250 Вашкинский р-н, с.Липин Бор, ул. 50 лет ВЛКСМ, 2-а;141.30967000000001;27.2;;;
95;1978;Отдел Министерства внутренних дел Российской Федерации по Вытегорскому району;162900 г.Вытегра, ул.Революции, 24;13949.605609999999;5552.4514600000002;;;
96;2251;Межмуниципальный отдел Министерства внутренних дел Российской Федерации "Череповецкий" (реализующий задачи и функции органов внутренних дел на территории Череповецкого и Кадуйского районов);162614 г.Череповец, ул.Милютина, 15;1100;1040.6458499999999;;;
97;2255;Управление Министерства внутренних дел Российской Федерации по Вологодской области;160001 г.Вологда, ул.Мира, д.30;17447.010019999998;17447.010019999998;;;
98;2258;Межмуниципальный отдел Министерства внутренних дел Российской Федерации "Верховажский" (реализующий задачи и функции на территории Верховажского и Сямженского районов);162300 с.Верховажье;19274.828859999998;4527.2368799999995;;;
99;2260;Межмуниципальный отдел Министерства внутренних дел Российской Федерации "Бабаевский" (реализующий задачи и функции органов внутренних дел на территории Бабаевского, Устюженского и Чагодощенского районов);162480 г.Бабаево, ул.Ухтомского, 2-а;36543.18593;14803.752849999999;;;
100;2261;Межмуниципальный отдел Министерства внутренних дел Российской Федерации "Белозерский" (реализующему задачи и функции на территории Белозерского, Вашкинского и Кирилловского районов);161200 г.Белозерск, ул.Карла Маркса, 5;33792.628210000003;11268.442869999999;;;
101;2262;Муниципальное бюджетное учреждение социального обслуживания "Дом ночного пребывания города";160035 г.Вологда, Набережная 6 Армии, 87;6122.75306;625.95666000000006;;;
102;2264;Муниципальное бюджетное учреждение социального обслуживания "Территориальный центр социальной помощи семьи и детям города Вологды";160019 г.Вологда, ул.Энгельса, 61;13956.41635;2333.5266699999997;;;
103;2265;Муниципальное бюджетное учреждение социального обслуживания "Дом-интернат для престарелых и инвалидов";160010 г.Вологда, ул.Слободская, 1;28001.63262;21525.214840000001;;;
104;2266;Управление социальной защиты населения Администрации города Вологды;160000 г.Вологда, ул.Ленина, 5;16041.175060000001;4625.8602799999999;;;
105;2267;Муниципальное бюджетное учреждение "Физкультурно-оздоровительный комплекс города Великий Устюг";162390 г.Великий Устюг, ул.Шильниковского, 123;1267.6221599999999;0;;;
106;2611;Управление Министерства внутренних дел Россиской Федерации по городу Вологде;160009 г.Вологда, ул.Мальцева, 54;1700;1427.9999599999999;;;
107;2787;Открытое акционерное общество "Птицефабрика "Ермаково";161021 Вологодский р-н, п.Ермаково, ул.Кольцевая, 7;12063.523999999999;4358.8199599999998;;;
108;3041;Муниципальное бюджетное учреждение культуры "Городское филармоническое собрание";162602 г.Череповец, Советский пр-кт, 35-а;6584.4410399999997;0;;;
109;3044;Федеральное государственное бюджетное образовательное учреждение высшего профессионального образования "Московский государственный юридический университет имени О.Е. Кутафина";160001 г.Вологда, ул.Мира, 32;12375.99036;56.861199999999997;;;
110;3179;Управление федеральной службы безопасности РФ по Вологодской области;160035 г.Вологда, ул.Пушкинская, 22;0;0;;;
111;3339;Управление Федеральной службы государственной регистрации, кадастра и картографии по Вологодской области;160001 г.Вологда, ул.Челюскинцев, 3;51.106610000000003;2.1340100000000004;;;
112;3485;Военный комиссариат Вологодской области;160009 г.Вологда, ул.Челюскинцев, 34;22342.71502;12941.997529999999;;;
113;3707;Управление Федеральной службы судебных приставов по Вологодской области;160000 г.Вологда, ул.Мальцева, 52;4915.9399999999996;1790.93;;;
114;3726;Муниципальное бюджетное учреждение социального обслуживания Устюженского муниципального района "Комплексный центр социального обслуживания населения "Гармония";162840 г.Устюжна, ул.К.Маркса, 9;2870.0926400000003;395.78138000000001;;;
115;3796;Муниципальное бюджетное учреждение "Устюженский социальный приют для детей";162814 Устюженский р-н, п.Спасское, ул.Центральная, 26;1675.46244;572.62675000000002;;;
116;3798;Муниципальное бюджетное учреждение социальной защиты "Центр социальной помощи семье и детям";162840 г.Устюжна, пер.Корелякова, 10;912.90650000000005;474.94319000000002;;;
117;3799;Автономное учреждение социального обслуживания Никольского муниципального района "Никольский дом-интернат для престарелых и инвалидов";161440 г.Никольск, ул.Заводская, 7;6841.51188;4263.5442699999994;;;
118;3801;Муниципальное бюджетное учреждение "Центр социальной адаптации для лиц без определенного места жительства и занятий";162627 г.Череповец, ул.Промышленная, 4;6320.3569000000007;1682.9735800000001;;;
119;3802;Муниципальное бюджетное учреждение "Центр социальной помощи семье и детям";162605 г.Череповец, Краснодонцев, 48;13138.826869999999;5564.9881399999995;;;
120;3804;Бюджетное учреждение социального обслуживания Кирилловского муниципального района "Комплексный центр социального обслуживания населения";161100 г.Кириллов, ул.Ленина, 39;2081.2352799999999;312.35371000000004;;;
121;3805;Бюджетное учреждение социального обслуживания Кадуйского муниципального района "Хохловский дом-интернат для престарелых и инвалидов";162532 Кадуйский р-н, п.Хохлово, ул.Строителей, 1-а;2135.62518;1208.6952099999999;;;
122;3806;Муниципальное бюджетное учреждение "Комплексный центр социального обслуживания населения "Забота";162606 г.Череповец, ул.Сталеваров, 54;3829.6886800000002;71.765270000000001;;;
123;3807;Муниципальное бюджетное учреждение "Реабилитационный центр для детей и подростков с ограниченными возможностями "Преодоление";162600 г.Череповец, ул.Юбилейная, 47;30567.106489999998;21644.474910000001;;;
124;3808;Бюджетное учреждение социального бслуживания Шекснинского муниципального района "Социально-реабилитационный центр для несовершеннолетних "Альтаир";162562 п.Шексна, ул.Путейская, 42;2297.1477999999997;1129.4402399999999;;;
125;3809;Бюджетное учреждение социального обслуживания Шекснинского муниципального района "Дом-интернат для престарелых и инвалидов";162573 Шекснинский р-н, д.Княже, ул.Центральная, 50;5556.44049;3413.0096400000002;;;
126;3810;Бюджетное учреждение социального обслуживания Шекснинского муниципального района "Дом-интернат для престарелых и инвалидов №1";162550 Шекснинский р-н, д.Демидово, 97;2925.4836800000003;1054.50542;;;
127;3813;Бюджетное учреждение социального обслуживания "Центр социальной помощи семье и детям" Харовского муниципального района Вологодской области;162250 г.Харовск, ул.Ленинградская, 7;389.17388;32.837559999999996;;;
128;3814;Бюджетное учреждение социального обслуживания Никольского муниципального района "Социальный приют для детей "Солнышко";161440 г.Никольск, пер.Заводской, 1-в;1995.9409599999999;268.74885999999998;;;
129;3815;Муниципальное бюджетное учреждение социальной защиты "Комплексный Центр социального обслуживания населения" Верховажского муниципального района Вологодской области;162300 с.Верховажье, ул.Луначарского, 4-а;6277.2594200000003;937.62172999999996;;;
130;3816;Муниципальное бюджетное учреждение социальной защиты Верховажского муниципального района Вологодской области  "Центр социальной помощи семье и детям";162300 с.Верховажье, ул.Пионерская, 6;952.95821999999998;175.29718;;;
131;3819;Бюджетное учреждение социального обслуживания "Комплексный центр социального обслуживания населения";162390 г.Великий Устюг, ул.Красная, 51;6117.1097399999999;2098.6234100000001;;;
132;3820;Бюджетное учреждение социального обслуживания Кирилловского муниципального района "Талицкий дом-интернат для престарелых и инвалидов";161117 Кирилловский р-н, с.Талицы, ул.Советская, 3;2154.8717299999998;48.334519999999998;;;
133;3821;Бюджетное учреждение социального обслуживания Никольского муниципального района "Комплексный центр социального обслуживания населения";161440 г.Никольск, ул.Советская, 92;1119.47504;335.74194;;;
134;3822;Бюджетное учреждение социальной защиты населения Сокольского муниципального района "Комплексный центр социального обслуживания населения";162139 г.Сокол, ул.Беднякова, 33;5015.4064000000008;3044.8587200000002;;;
135;3823;Автономное учреждение социальной защиты населения Сокольского муниципального района "Сокольский дом-интернат для престарелых и инвалидов";162138 г.Сокол, ул.Калинина, 18;1955.30897;1105.46658;;;
136;3824;Бюджетное учреждение социальной защиты населения Сокольского муниципального района "Центр социальной помощи семье и детям";162134 г.Сокол, ул.Производственная, 16;2023.70956;1312.69497;;;
137;3830;Бюджетное учреждение социального обслуживания "Комплексный центр социального обслуживания населения" Харовского муниципального района;162250 г.Харовск, ул.Архангельская, 5;4397.4067599999998;2267.7360800000001;;;
138;3831;Бюджетное учреждение социального обслуживания  Шекснинского муниципального района "Комплексный центр социального обслуживания населения";162562 п.Шексна, ул.Магистральная, 31;8661.5208899999998;2940.3290699999998;;;
139;3833;Бюджетное учреждение социального обслуживания Кадуйского муниципального района "Социально-реабилитационный центр для несовершеннолетних";162520 Кадуйский р-н, с.Никольское, ул.Садовая, 10;123.96485000000001;0;;;
140;3834;Бюджетное учреждение социального обслуживания Кирилловского муниципального района "Центр социальной помощи семье и детям";161100 г.Кириллов, ул.Преображенского, 22;9822.7211900000002;8731.6168000000016;;;
141;3836;Муниципальное бюджетное учреждение социального обслуживания "Комплексный центр социального обслуживания населения Тотемского муниципального района";161300 г.Тотьма, ул.Садовая, 51;9849.4315000000006;2852.40094;;;
142;3837;Муниципальное бюджетное учреждение социального обслуживания Вологодского муниципального района "Кубенский дом-интернат для престарелых и инвалидов";160533 Вологодский р-н, с.Кубенское, ул.Ленина, 90;1969.4739299999999;50.678699999999999;;;
143;3838;Муниципальное бюджетное учреждение социального обслуживания "Комплексный центр социального обслуживания населения" Бабушкинского муниципального района;161350 с.им.Бабушкина, ул.Строителей, 2-а;5016.5154899999998;490.45640000000003;;;
144;3839;Муниципальное бюджетное учреждение социального обслуживания Вологодского муниципального района "Комплексный центр социального обслуживания населения";160011 г.Вологда, ул.Герцена, 63, кор.А;673.15233999999998;62.882330000000003;;;
145;3840;Бюджетное учреждение социального обслуживания Чагодощенского муниципального района "Комплексный центр социального обслуживания населения";162400 п.Чагода, ул.Школьная, 23;8612.20507;589.46142000000009;;;
146;3841;Муниципальное бюджетное учреждение социального обслуживания Бабаевского муниципального района "Комплексный центр социального обслуживания" Бабаевского муниципального района;162480 г.Бабаево, ул.Интернациональная, 42;5395.8028199999999;1321.0354299999999;;;
147;3842;Муниципальное бюджетное учреждение социального обслуживания Вологодского муниципального района "Социально-реабилитационный центр для несовершеннолетних";160511 Вологодский р-н, п.Перьево, ул.Лесная, 3;1359.84;243.98420000000002;;;
148;3844;Бюджетное учреждение социального обслуживания Кадуйиского муниципального района "Комплексный центр социального обслуживания населения";162511 п.Кадуй, ул.Октябрьская, 23-а;1603.8887299999999;729.09428000000003;;;
149;3846;Бюджетное учреждение социального обслуживания "Дом-интернат для престарелых граждан и инвалидов" Тарногского муниципального района Вологодской области;161566 Тарногский р-н, п.Айга, ул.Вахнева, 2;3082.2719500000003;1870.8501100000001;;;
150;3847;Муниципальное бюджетное учреждение "Социально-реабилитационный центр для несовершеннолетних "Росток";162603 г.Череповец, ул.Краснодонцев, 21;16732.083200000001;7611.3149800000001;;;
151;3848;Бюджетное учреждение "Комплексный центр социального обслуживания населения" Тарногского муниципального района Вологодской области;161560 с.Тарногский Городок, ул.Советская, 39;5510.8393900000001;2570.3183399999998;;;
152;3849;Муниципальное бюджетное учреждение "Усть-Кубинский комплексный центр социального обслуживания населения";161140 Усть-Кубинский р-н, с.Устье, ул.Октябрьская, 11;3741.62165;372.38602000000003;;;
153;3850;Муниципальное бюджетное учреждение "Центр социальной помощи семье и детям " Радуга";161140 Усть-Кубинский р-н, с.Устье, ул.Пролетарская, 13-а;1963.74802;633.03330000000005;;;
154;3852;Бюджетное  учреждение социального обслуживания Междуреченского муниципального района "Комплексный центр социального обслуживания населения";161050 Междуреченский р-н, с.Шуйское, ул.Малая Садовая, 1;1377.00621;400.26227;;;
155;3853;Бюджетное учреждение социального обслуживания Междуреченского муниципального района "Центр социальной помощи семье и детям";161050 Междуреченский р-н, с.Шуйское, ул.Советская, 14;2139.5660200000002;1004.74262;;;
156;3854;Бюджетное  учреждение социального обслуживания  Междуреченского муниципального района "Дом милосердия";161050 Междуреченский р-н, с.Шуйское, ул.Шапина, 6;13089.91491;4762.4357499999996;;;
157;3855;Бюджетное Учреждение социального обслуживания Кичменгско-Городецкого муниципального района "Комплексный центр социального обслуживания населения";161400 с.Кичменгский Городок, ул.Первомайская, 20;2627.7908700000003;567.81809999999996;;;
158;3856;Бюджетное Учреждение социального обслуживания Вологодской области Кичменгско-Городецкого муниципального района "Социальный приют для детей "Парус";161400 Кичменгско-Городецкий р-н, п.Находка, 7;3128.01298;874.17145999999991;;;
159;3861;Бюджетное учреждение социального обслуживания "Центр социальной помощи семье и детям";162390 г.Великий Устюг, ул.Красная, 51;3914.57944;1670.15309;;;
160;3864;Муниципальное бюджетное учреждение социального обслуживания Вожегодского муниципального района "Комплексный Центр социального обслуживания населения";162160 п.Вожега, пер.Октябрьский, 17;24921.769559999997;19422.398149999997;;;
161;3865;Бюджетное учреждение социального обслуживания Никольского муниципального района "Никольский центр социальной помощи семье и детям";161440 г.Никольск, ул.Советская, 92;5270.8987500000003;2684.7244700000001;;;
162;3866;Муниципальное образовательное учреждение для детей-сирот и детей, оставшихся без попечения родителей (законных представителей) "Детский дом №2";162603 г.Череповец, ул.Леднева, 11;2.2616999999999998;0;;;
163;3867;Муниципальное бюджетное образовательное учреждение для детей-сирот и детей, оставшихся без попечения родителей (законных представителей) "Специальный (коррекционный) детский дом №3 для детей с ограниченными возможностями здоровья";162612 г.Череповец, ул.Химиков, 20-а;3234.07996;536.81077000000005;;;
164;3869;Муниципальное бюджетное образовательное учреждение для детей-сирот и детей, оставшихся без попечения родителей (законных представителей) "Детский дом №8";162624 г.Череповец, ул.Командарма Белова, 37-а;13928.352779999999;6094.7521799999995;;;
165;3871;Муниципальное бюджетное образовательное учреждение для детей-сирот и детей, оставшихся без попечения родителей (законных представителей) "Детский дом";162602 г.Череповец, ул.Труда, 56;41475.677640000002;24785.903420000002;;;
166;3874;Бюджетное учреждение социального обслуживания Вытегорского муниципального района "Белоручейский дом-интернат для престарелых и инвалидов";162940 Вытегорский р-н, п.Депо, ул.Труда, 26-а;1099.08887;36.703160000000004;;;
167;3877;Бюджетное учреждение социального обслуживания населения Вытегорского муниципального района Вологодской области Социально-реабилитационный центр для несовершеннолетних "Семья";162900 г.Вытегра, ул.Луначарского, 53;3501.7459900000003;2555.9255099999996;;;
168;3882;Муниципальное бюджетное образовательное учреждение для детей-сирот и детей, оставшихся без попечения родителей, Череповецкого муниципального района "Судский детский дом";162702 Череповецкий р-н, п.Суда, ул.Красная Звезда, 6;3663.4588399999998;99.377470000000002;;;
169;3884;Муниципальное бюджетное специальное (коррекционное) образовательное учреждение для обучающихся, воспитанников с ограниченными возможностями здоровья "Специальная (коррекционная) общеобразовательная школа-интернат I вида";162614 г.Череповец, ул.Вологодская, 48;15255.748119999998;2395.9422400000003;;;
170;3888;Муниципальное бюджетное образовательное учреждение "Верховажский детский дом";162300 Верховажский р-н, д.Наумиха, 25-а;2385.8825699999998;285.93040000000002;;;
171;3889;Муниципальное бюджетное образовательное учреждение для детей-сирот и детей, оставшихся без попечения родителей, Череповецкого муниципального района "Кривецкий детский дом";162673 Череповецкий р-н, п.Кривец, ул.Заря Коммунизма, 40;3780.38348;1591.32104;;;
172;3890;Бюджетное учреждение социального обслуживания "Социально-реабилитационный центр для несовершеннолетних "Солнышко" Сямженского муниципального района;162220 Сямженский р-н, д.Ногинская, ул. им.Поспелова, 9;14536.612880000001;10485.40173;;;
173;3896;Бюджетное учреждение социального обслуживания "Комплексный центр социального обслуживания населения" Сямженского муниципального района;162220 Сямженский р-н, д.Ногинская, ул.им.Поспелова, 3;6773.1224900000007;4437.9959600000002;;;
174;3898;Муниципальное бюджетное учреждение социального обслуживания Белозерского муниципального района "Центр социальной помощи семье и детям";161200 г.Белозерск, Советский пр-кт, 70;521.71708999999998;15.3;;;
175;3900;Муниципальное бюджетное образовательное учреждение для детей сирот и детей, оставшихся без попечения родителей "Тотемский детский дом";161300 Тотемский р-н, д.Варницы, ул.Воскресенская, 21;7891.2404900000001;1409.19424;;;
176;3901;Бюджетное образовательное учреждение для детей-сирот и детей, оставшихся без попечения родителей, Шекснинского муниципального района "Шекснинский детский дом";162562 п.Шексна, ул.Путейская, 39-а;1133.317;442.00104999999996;;;
177;3903;Бюджетное учреждение социального обслуживания Вытегорского муниципального района "Комплексный центр социального обслуживания населения";162900 г.Вытегра, ул.Луначарского, 53;5609.0170499999995;2892.0118900000002;;;
178;3905;Муниципальное бюджетное учреждение социального обслуживания Белозерского муниципального района "Комплексный центр социального обслуживания населения";161200 г.Белозерск, ул.Карла Маркса, 62;1426.38284;182.81374;;;
179;3907;Муниципальное бюджетное образовательное учреждение для детей-сирот и детей, оставшихся без попечения родителей, "Специальный (коррекционный) детский дом для детей с ограниченными возможностями здоровья №3";160035 г.Вологда, ул.Козленская, 44-а;9705.4293000000016;4792.0296900000003;;;
180;3908;Муниципальное бюджетное учреждение социального обслуживания Белозерского муниципального района "Дом-интернат для престарелых и инвалидов";161240 Белозерский р-н, с.Зубово, ул.Лечебная, 22;3466.20019;744.82660999999996;;;
181;3909;Муниципальное бюджетное образовательное учреждение для детей-сирот и детей, оставшихся без попечения родителей, Чагодощенского муниципального района "Чагодощенский детский дом";162400 п.Чагода, ул.Советская, 16-ж;16178.808359999999;364.61258000000004;;;
182;3911;Муниципальное бюджетное учреждение социального обслуживания Бабаевского муниципального района "Центр социальной помощи семье и детям";162480 г.Бабаево, ул.Карла Маркса, 41;265.46089000000001;165.4675;;;
183;3913;Бюджетное учреждение Грязовецкого муниципального района Вологодской области "Централизованная бухгалтерия системы социального обслуживания";162100 г.Грязовец, ул.Румянцева, 30-а;158.30562;17.705500000000001;;;
184;3915;Бюджетное учреждение социального обслуживания Грязовецкого муниципального района Вологодской области "Социально-реабилитационный центр для несовершеннолетних "Лада";162000 г.Грязовец, пр-кт Ленина, 64;3688.1579400000001;404.37588;;;
185;3916;Бюджетное учреждение социального обслуживания Ггрязовецкого муниципального района Вологодской области "Дом-интернат для престарелых и инвалидов";162000 г.Грязовец, ул.Румянцевой, 13;940.74977000000001;127.498;;;
186;3917;Бюджетное учреждение социального обслуживания Грязовецкого муниципального района Вологодской области "Комплексный центр социального обслуживания населения";162000 г.Грязовец, ул.Румянцевой, 30-а;3001.4906800000003;1104.4223500000001;;;
187;3919;Муниципальное учреждение "Нюксенский центр социальной помощи семье и детям";161380 с.Нюксеница, ул.Советская, 9;610.78588999999999;410.73621999999995;;;
188;3920;Бюджетное учреждение социального обслуживания "Комплексный центр социального обслуживания населения" Нюксенского муниципального района;161380 с.Нюксеница, ул.Набережная, 29;2929.6280200000001;626.81906000000004;;;
189;3921;Бюджетное  учреждение социального обслуживания "Дом-интернат для престарелых и инвалидов" Нюксенского муниципального района;161380 с.Нюксеница, ул.Советская, 18;3867.5529900000001;351.59667999999999;;;
190;3922;Управление социальной защиты населения Кичменгско-Городецкого муниципального района;161400 с.Кичменгский Городок, ул.Комсомольская, 9;1081.1509799999999;621.26306999999997;;;
191;3923;Управление социальной защиты населения Бабаевского муниципального района Вологодской области;162480 г.Бабаево, ул.Ухтомского, 1;1030.3979100000001;697.88387999999998;;;
192;3924;Бюджетное учреждение социального обслуживания Вашкинского муниципального района "Комплексный центр социального обслуживания населения";161250 Вашкинский р-н, с.Липин Бор, ул.Смирнова, 4;1989.9662900000001;277.22699999999998;;;
193;3925;Управление социальной защиты населения администрации Грязовецкого муниципального района;162000 г.Грязовец, ул.Карла Маркса, 58;1647.64876;614.90622999999994;;;
194;3928;Отдел социальной защиты населения администрации Тарногского муниципального района;161560 с.Тарногский Городок, ул.Октябрьская, 14;3759.1076600000001;2946.7942000000003;;;
195;3929;Управление социальной защиты населения Тотемского муниципального района;161300 г.Тотьма, ул.Белоусовская, 34;1089.1937600000001;653.55507;;;
196;3930;Комитет социальной защиты населения г.Череповца;162606 г.Череповец, ул.Сталеваров, 54;21839.598910000001;11816.104800000001;;;
197;3933;Управление социальной защиты населения Вологодского муниципального района;160000 г.Вологда, ул.Пушкинская, 24;1592.4184299999999;734.23238000000003;;;
198;3934;Управление социальной защиты населения Сокольского муниципального района;162130 г.Сокол, ул.Советская, 73;2940.8769400000001;2173.7682;;;
199;3936;Управление труда и социальной защиты населения Междуреченского муниципального района;161050 Междуреченский р-н, с.Шуйское, ул.Советская, 14;2215.4420099999998;972.48136;;;
200;3938;Муниципальное бюджетное образовательное учреждение для детей-сирот и детей, оставшихся без попечения родителей, "Детский дом № 5";160028 г.Вологда, ул.Лечебная, 26;9023.6649199999993;3326.4026800000001;;;
201;3939;Управление социальной защиты населения Верховажского муниципального района;162300 с.Верховажье, ул.Стебенева, 30;908.70292000000006;595.21093000000008;;;
202;3940;Управление социальной защиты населения Нюксенского муниципального района;161380 Нюксенский р-н, с.Нюксеница, ул.Первомайская, 13-а;2097.3719000000001;877.75437999999997;;;
203;3941;Управление социальной защиты населения Сямженского муниципального района;162220 с.Сямжа, ул.Румянцева, 20;797.84799999999996;332.66283000000004;;;
204;3942;Управление социальной защиты населения Шекснинского муниципального района;162562 п.Шексна, ул.Пролетарская, 14;2440.3917200000001;759.11043000000006;;;
205;3976;Главное управление Министерства Российской Федерации по делам гражданской обороны, чрезвычайным ситуациям и ликвидации последствий стихийных бедствий по Вологодской области;160009 г.Вологда, ул.Мальцева, 41;405.30507;0;14178.88524;;
206;3980;Управление социальной защиты населения администрации Кирилловского муниципального района;161100 г.Кириллов, ул.Гостинодворская, 14;1167.4755400000001;802.78638999999998;;;
207;3981;Управление социальной защиты населения администрации Великоустюгского муниципального района;162390 г.Великий Устюг, ул.Красная, 51;4164.1989000000003;2003.84096;;;
208;3982;Бюджетное учреждение социального обслуживания Кирилловского муниципального района "Топорнинский дом-интернат для престарелых и инвалидов";161104 Кирилловский р-н, м.Топорня, ул.Старый канал, 6;429.88333;85.617399999999989;;;
209;3983;Управление социальной защиты населения Никольского муниципального района;161440 г.Никольск, ул.Советская, 92;1212.80054;611.74176;;;
210;3985;Управление социальной защиты населения администрации Устюженского муниципального района;162840 г.Устюжна, ул.Корелякова, 10;1037.62492;796.22979000000009;;;
211;3986;Управление социальной защиты населения Харовского муниципального района;162250 г.Харовск, пл.Октябрьская, 3;1004.2034200000001;609.1345;;;
212;3987;Управление социальной защиты населения Вытегорского муниципального района;162900 г.Вытегра, Советский пр-кт, 17;7296.2214800000002;7002.2683899999993;;;
213;3988;Управление социальной защиты населения администрации Усть-Кубинского муниципального района;161140 Усть-Кубинский р-н, с.Устье, ул.Новый переулок, 2;3135.3754900000004;1476.59953;;;
214;3989;Управление социальной защиты населения администрации Вожегодского муниципального района;162160 п.Вожега, ул.Садовая, 15;894.74469999999997;543.82794999999999;;;
215;3990;Муниципальное казенное учреждение "Централизованная бухгалтерия по обслуживанию учреждений социальной защиты";162606 г.Череповец, ул.Сталеваров, 54;1208.5076299999998;124.52755000000001;;;
216;3995;Отдел социальной защиты населения Бабушкинского муниципального района;161350 с.им.Бабушкина, ул.Бабушкина, 54;804.53314999999998;521.79182000000003;;;
217;3998;Муниципальное бюджетное учреждение Череповецкого муниципального района "Социальный приют для детей";162649 Череповецкий р-н, Ильинский с/с, д.Музга, ул.Школьная, 11;7131.4929499999998;2600.5605699999996;;;
218;4002;Муниципальное бюджетное учреждение социального обслуживания Вологодского муниципального района "Центр социальной помощи семье и детям "Юнона";160553 Вологодский р-н, п.Федотово, 3;597.40579000000002;100.22192;;;
219;4003;Муниципальное бюджетное образовательное учреждение Вологодского муниципального района для детей-сирот и детей, оставшихся без попечения родителей, детский дом "Радуга";161025 Вологодский р-н, п.Уткино, ул.Новая, 9-а;1684.2710199999999;1071.34394;;;
220;4366;Государственное учреждение "Отдел организации капитального строительства Управления внутренних дел по Вологодской области";160002 г.Вологда, ул.Южакова, 30;232.8;21.7;7896.44;;
221;6001;Бюджетное учреждение культуры и дополнительного профессионального образования Вологодской области "Областной научно-методический центр культуры и повышения квалификации";160000 г.Вологда, ул.Герцена, 37;38585.455240000003;33373.120470000002;;;
222;6003;Бюджетное учреждение здравоохранения Вологодской области "Сокольская центральная районная больница";162130 г.Сокол, ул.Суворова, 21;16377.84;16377.84;;;
223;6004;Бюджетное учреждение здравоохранения Вологодской области "Сямженская центральная районная больница";162220 Сямженский р-н, с.Сямжа, ул.Славянская, 6;1882.5;1882.5;;;
224;6005;Бюджетное учреждение здравоохранения Вологодской области "Никольская центральная районная больница";161440 г.Никольск;5147;5147;;;
225;6006;Бюджетное учреждение здравоохранения Вологодской области "Междуреченская центральная районная больница";161050 Междуреченский р-н, с.Шуйское, ул.Советская, 23-б;4542;4542;;;
226;6007;Бюджетное учреждение здравоохранения Вологодской области "Нюксенская центральная районная больница";161380 г.Нюксеница;942;942;;;
227;6008;Бюджетное учреждение здравоохранения "Кирилловская центральная районная больница";161100 Кирилловский р-н, г.Кириллов, 4;2603.3787000000002;2603.3787000000002;;;
228;6009;Бюджетное учреждение здравоохранения "Устюженская центральная районная больница";162840 Устюженский район, г.Устюжна, ул.Карла Маркса, 53;12469;12469;;;
229;6010;Бюджетное учреждение здравоохранения Вологодской области "Харовская центральная районная больница";162250 Харовский р-н, г.Харовск, ул.Свободы, 28;942;942;;;
230;6011;Бюджетное учреждение здравоохранения Вологодской области "Бабаевская центральная районная больница";162482 г.Бабаево;2959.7;2946.2;;;
231;6012;Бюджетное учреждение здравоохранения Вологодской области "Бабушкинская центральная районная больница";161350 с.им.Бабушкина;10513.3;10504.3;;;
232;6013;Бюджетное учреждение здравоохранения Вологодской области "Белозерская центральная районная больница";161200 г.Белозерск;7899.0787;7885.5787;;;
233;6014;Бюджетное учреждение здравоохранения Вологодской области "Верховажская центральная районная больница";162300 с.Верховажье;2086.3000000000002;2077.3000000000002;;;
234;6015;Бюджетное учреждение здравоохранения Вологодской области "Вожегодская центральная районная больница";162160 п.Вожега, ул.Советская, 14;2857.8;2848.8;;;
235;6016;Бюджетное учреждение здравоохранения "Вологодская центральная районная больница";160014 г.Вологда, ул.Набережная, 137;4745.8;4745.8;;;
236;6017;Бюджетное учреждение здравоохранения Водлогодской области "Грязовецкая центральная районная больница";162000 г.Грязовец, ул.Гражданская, 20;7337.8;7328.8;;;
237;6018;Бюджетное учреждение здравоохранения Вологодской области "Кичменгско-Городецкая центральная районная больница" имени В.И. Коржавина;161401 с.Кичменгский Городок, ул.Заречная, 41;1247.7;1234.2;;;
238;6019;Бюджетное учреждение здравоохранения Вологодской области "Тарногская центральная районная больница";161560 с.Тарногский Городок;2086.3000000000002;2077.3000000000002;;;
239;6020;Бюджетное учреждение здравоохранения Вологодской области "Тотемская центральная районная больница";161300 г.Тотьма;7517.3;7494.8;;;
240;6021;Бюджетное учреждение здравоохранения Вологодской области"Чагодощенская центральная районная больница";162400 Чагодощенский р-н, п.Чагода, ул.Мира, д.31;10997.8;10988.8;;;
241;6022;Бюджетное учреждение здравоохранения Вологодской области "Шекснинская центральная районная больница";162560 п.Шексна;4966.8;4957.8;;;
242;6023;Бюджетное учреждение здравоохранения Вологодской области "Кадуйская центральная районная больница";162510 Кадуйский р-н, п.Кадуй, ул.Надежды, 1;2010.5;2010.5;;;
243;6024;Бюджетное учреждение здравоохранения Вологодской области "Вологодская городская больница №2";160024 г.Вологда, ул.Северная, 15;500;500;;;
244;6025;Бюджетное учреждение здравоохранения Вологодской области "Вологодская городская поликлиника №4";160028 г.Вологда, Окружное шоссе, 3-в;11219;11219;;;
245;6026;Бюджетное учреждение здравоохранения Вологодской области "Вытегорская центральная районная больница";162900 г.Вытегра, ул.Советская, 16;2526;2526;;;
246;6027;Бюджетное учреждение здравоохранения Вологодской области "Вологодская городская больница №1";160012 г.Вологда, Советский пр., 94;12192.806329999999;12192.806329999999;;;
247;6028;Бюджетное учреждение здравоохранения Вологодской области "Усть-Кубинская центральная районная больница";161140 п.Устье, ул.Колхозная, 9;4542;4542;;;
248;6029;Бюджетное учреждение здравоохранения Вологодской области "Медико-санитарная часть "Северсталь";162600 г.Череповец, ул.Металлургов, 18;5341.3329999999996;5341.3329999999996;;;
249;6030;Бюджетное учреждение здравоохранения Вологодской области "Череповецкая городская больница №2";162611 г.Череповец, ул.Ломоносова, 15;4431;4431;;;
250;6031;Бюджетное учреждение здравоохранения Вологодской области "Череповецкая детская городская больница";162624 г.Череповец, ул.Командарма Белова, 40;2440.0333300000002;2440.0333300000002;;;
251;6032;Бюджетное учреждение здравоохранения Вологодской области "Вашкинская центральная районная больница";161250 Вашкинский р-н, с.Липин Бор, ул.Первомайская, 23;2086.3000000000002;2077.3000000000002;;;
252;6033;Бюджетное учреждение здравоохранения Вологодской области "Вологодская городская поликлиника №3";160025 г.Вологда, ул.Московская, 2-а;11380;11380;;;
253;6034;Бюджетное учреждение здравоохранения Вологодской области "Вологодская детская городская поликлиника №5";160022 г.Вологда, ул.Казакова, 2;248;248;;;
254;6035;Бюджетное учреждение здравоохранения Вологодской области "Вологодский родильный дом №1";160011 г. Вологда, ул.Пирогова, 24;7797;7797;;;
255;6036;Бюджетное учреждение здравоохранения "Череповецкая городская больница №1";162602 г.Череповец, ул.Данилова, 15;20015.75;20015.75;;;
256;6037;Бюджетное учреждение здравоохранения Вологодской области "Череповецкая городская поликлиника №2";162600 г.Череповец, ул.Беляева, 24;2586.826;2586.826;;;
257;6038;Бюджетное учреждение здравоохранения "Великоустюгская центральная районная больница";162390 г.В.Устюг, Советский пр-кт, 30;13437.96434;13415.46434;;;
258;6039;Бюджетное учреждение здравоохранения Вологодской области "Череповецкая центральная районная поликлиника";162600 г.Череповец;4575.8;4566.8;;;
259;3715;ГУ "Управление судебного департамента в Вологодской области";160001 г. Вологда, ул.Мира, 36;21756;18798.039290000001;;;
